call_id,duration,resolved,agent_score,success
a98941d0-1e42-497b-b7b8-71a63e443de5,5.05,0,9,0
6c0622fa-8e18-485a-a57e-f8826df142ee,13.72,1,7,1
4f4fef11-6f9e-49ee-8322-525ad323392b,14.84,0,10,0
5b821e45-eee6-4f5d-ab3c-998c156a9f29,22.27,1,10,1
daf0be9f-7ad7-4022-8335-90e2ea5b5799,30.59,1,5,0
e88e771e-b0ec-45bc-b0ff-f5d58dc0074e,40.28,0,6,0
843b3a68-dc2c-4dc6-ab72-71c4f8296e47,45.52,1,5,0
3e4f347a-626e-40e5-8dcf-231101927ca3,43.7,0,9,0
4edce3b8-e6f5-4cff-b2f3-ed240e567448,52.64,0,10,0
ae77ebc0-2d0f-4d70-b33f-c2229d123b7d,52.91,0,6,0
2238c3de-6107-4884-9cd8-f51cc7af6206,22.74,0,8,0
ec8a27d4-7760-4e64-bd8c-6128d6f8a18e,51.15,1,8,1
30924ad9-62fe-429d-aa7c-2b76999ccc50,31.35,0,2,0
c617d88b-9a41-4cc8-8eaf-9b819702c8ab,29.23,1,7,1
92f4fc3b-a199-4a9d-81b4-17bea8788f04,9.34,1,9,1
9871e1d4-2e45-4fc6-828d-a2878965dafb,21.33,1,5,0
185a9037-76f7-43f7-a848-12280a11258d,46.2,1,10,1
2c0ff11b-aae3-479e-9fd3-a559c2710cd2,14.58,1,3,0
09c3880d-527d-4f0d-bcac-e31e687297c4,50.76,1,7,1
f6cfbc98-9241-4272-9131-935555baf2d4,20.97,0,3,0
5e29ccf8-3afd-46e2-89b4-7753ae96c1da,31.49,0,4,0
4a4f1262-8954-406c-8a5b-9f06be8c3131,37.04,0,5,0
e1504654-631f-4822-b14a-3f259a6896d5,58.67,1,7,1
3e9fbf71-e0bb-4a49-8157-43bed7000928,34.08,0,6,0
e33d940b-3b52-4700-9cc8-fc8e5f073d9d,28.99,0,5,0
79ead38c-6bb8-4a4a-b0f0-f851c59d0642,37.18,1,5,0
4c282ff7-397f-4e67-9960-9194e2502feb,27.33,1,9,1
f6c59be2-f7a9-4f83-8d4b-ab926b8860f9,10.41,1,3,0
94854e4e-4854-41fc-8563-8d2ba809bbcc,49.1,0,6,0
eb986bca-5610-44d8-838d-694a441854a6,12.64,1,7,1
959fb0e1-7425-4189-9dc6-c1bbc00eb4a2,9.58,1,1,0
8c9be2e0-32a9-4251-96c3-424d635d1c6e,37.94,0,9,0
001ac5c6-e042-4229-9d18-d9968c0e9f1a,11.76,0,4,0
d93689a4-0c43-4665-bfbe-8b6da1c0e263,21.0,0,6,0
9ac52fd9-f430-470c-b7b6-6f20d81eb8f0,30.79,0,5,0
b2e1a60e-b23f-49a9-9365-6a469d3ff955,36.64,0,4,0
ce89526a-4a4d-4e63-99ee-01671eec4351,49.04,0,9,0
8c280a53-9520-46e6-b066-500f670aa28f,6.32,0,3,0
48d70a64-75b5-4828-89e1-415b552d5d14,2.83,1,9,1
740da8e2-f73e-465f-8ae8-838f5a469d1c,58.6,1,8,1
c004cf0a-a407-4f26-ad91-5e10bbd6502f,28.84,1,10,1
8a8930c8-9959-4d8c-bb45-76be6f3c950b,55.3,0,3,0
1d91cf88-cefd-4fd8-9274-5174ab196058,54.17,1,10,1
7190a894-7f46-4989-b6f6-d2bd85c98611,21.64,1,8,1
60fcb659-b79d-40d9-93d2-499aa2dbe36c,38.45,0,10,0
a26582c8-e711-45d7-9524-3b13e0d0d43f,56.06,0,2,0
7029a17d-63f0-4423-9848-b47fd20d7208,38.32,1,6,1
3b813dea-b71d-4a2b-a627-54f3dbda091c,52.21,1,4,0
48980c09-3c66-409a-a59e-74ba58b45b6c,26.15,1,4,0
1c324773-76f5-44ee-923d-42a789f06740,46.84,0,3,0
a6250e5e-494a-46d1-8eef-943e50e6194a,28.25,0,4,0
c5ed3e5a-45ea-4e44-9d1f-d5f4e0efe95a,4.81,1,5,0
81a5d888-ce58-4d08-b30c-2c1685227a47,56.34,1,7,1
926878c2-365f-45c5-8dea-998669eed5ca,27.79,1,2,0
f1844618-8651-45b8-9300-b1218073384b,42.55,0,5,0
2c38d502-314f-485b-828e-8da926044689,47.62,1,7,1
d67eef10-daf4-4716-a5d9-8a9be2164c97,42.2,1,10,1
a3a31f13-4911-472c-bf5a-a32011edd672,2.75,0,2,0
2d3a910a-f1c6-4d04-a1b2-a7f1e6b6182d,44.48,1,10,1
79e9f941-05e7-450d-bfb0-1716db664075,17.47,0,1,0
b31fc7b8-52a6-4ff9-ad72-6a0150e43644,57.83,0,5,0
40fa8fe9-14c1-4d52-a819-ece475444f0d,47.1,1,7,1
1e048db4-4b58-4ed1-b1da-3fd92e7a714d,32.2,0,5,0
89dcdc0c-bae8-4bb4-a274-47ada31a6caf,26.64,1,8,1
f3d070f0-2115-4b38-97ba-347912d0fe41,20.45,0,1,0
2175ca0c-3f49-4b76-8090-ef10a615f8f6,47.27,1,7,1
827866f3-cceb-4370-ae94-f61876c58564,16.29,1,7,1
3f89e8a0-1f10-4266-8578-76ba1bdd3954,16.0,0,2,0
28bf7068-bfc6-4102-b834-33504239a667,31.7,1,5,0
df70611b-e89d-4ac1-a071-d8349c49156e,50.12,1,8,1
fef808c3-faf4-4fd7-8e93-a7333cbd8377,48.44,0,3,0
4b33e3c1-96e9-48ba-b69d-75b332e786e8,58.11,1,6,1
379617e2-32c6-4949-bf87-35e373eb3704,54.05,0,2,0
7fc25dd3-ea79-47b1-a489-7beccd07f744,29.44,0,6,0
01562f83-f05e-4fdb-8e5c-eede853debf6,23.31,0,3,0
9bf75ff8-6d46-4c09-a84f-5ab260fd3d29,40.59,0,5,0
4e2a286e-6245-4868-9b1f-cb50a242fd8d,20.66,1,10,1
98ad5f2d-7b44-4942-9a0c-ac627daeda8e,3.48,0,1,0
5f3b5e5a-b7ff-4937-a696-72ac55e86fc5,34.0,0,10,0
6ff1ad2f-89aa-4b7c-baa5-01e2d71a3a15,44.14,1,7,1
9dc13f8b-8184-467f-b86f-4c2ee0096d19,17.85,0,8,0
f53d34f1-14be-4554-b225-552b4ee61d9d,33.93,0,8,0
b16ab7aa-b270-46ca-a0bf-3a9db6520809,35.51,1,10,1
2579dac4-1642-4a6f-91a4-e632480f8b11,26.0,0,5,0
98d34e95-2105-4c26-86e1-cb8683c1bfd4,4.63,0,5,0
320a50fd-323f-4225-81d7-179371c351ed,40.31,0,9,0
a5c2242a-c3b8-41c3-aacd-cdf73abd452e,38.89,0,3,0
d69dd5e8-936f-478b-87d2-363a3d30769c,28.09,0,9,0
9cbedea5-ccd4-4f21-a3bc-6b203eca581c,45.56,0,10,0
add67cc7-5a1e-40e4-b0f1-be331dd5f6ad,16.41,1,6,1
eff84881-b479-46ff-985f-4df24f0071b4,2.58,0,5,0
86f33cc1-7049-43ae-a6de-97f316bb9bd0,34.62,0,7,0
bd13900d-d60c-4235-b3bb-04cb3fcd1fac,4.49,1,5,0
a450fa88-1a12-484c-8a9b-cbb30f068d20,6.73,1,4,0
dee42572-fc98-455e-ae04-701722f5ae53,25.92,1,4,0
21fb6e0d-f94e-428e-b1e8-5513a04f57b5,13.49,0,4,0
9f233130-9b49-4a94-a74a-02be4f53b598,29.61,1,8,1
2cb7b1f6-1dca-41c5-a328-bd3ec5e47d9d,29.2,1,9,1
fdaf6cff-fbf6-4519-8b65-689f46c37f9c,45.67,1,3,0
e88708ee-25f2-4d56-b01d-ac1c1f8f12e1,34.38,0,4,0
11a5e17c-211c-4543-a59a-f0974611bfe9,35.7,0,10,0
3d7dec1b-cf22-4377-859b-8b1fbc5f0c1e,22.26,1,3,0
ef762133-f0e9-4ae5-9aab-155f8d3b4723,5.41,1,2,0
1c4b2bb0-39e4-4996-ad6d-fe2fea89a6e0,39.62,0,2,0
85de01cb-731f-46c2-b072-df871d438002,4.82,0,8,0
4910b51f-b106-4c45-9fbf-58e3f0b626c7,53.62,1,3,0
1d2b510b-0d96-4911-8f6f-afbfbae582a3,9.59,1,1,0
3f779f8c-3dd8-4f9a-9f0a-9f76a26f1fd4,18.26,0,5,0
5db1e222-f7b4-495c-b7c9-edb442f47a69,18.12,1,4,0
3781a66b-1d8f-4ea6-a9c4-580efae64463,56.72,1,6,1
da09a58b-c318-4730-ba42-0f1418a3af1c,36.78,1,3,0
7b21e397-104b-4368-8994-fe3ee2b2f39b,53.33,1,1,0
43f80fa6-b569-4be2-92d9-9edc050f425d,25.12,1,9,1
98ad924c-ffb8-4aca-888f-0252d7bafcf2,28.05,1,6,1
3e07210a-2357-4146-b4d5-afe8f32a4efd,10.23,0,7,0
b92aeca3-cd03-4645-8ae9-e8da82a9269c,23.19,1,7,1
e28b8237-cd11-42d5-a0ce-f192ad470584,20.58,1,2,0
1d553a34-1124-4d8d-8504-dfd469cacf26,51.01,1,1,0
1b306a6f-a162-46fa-9ef8-9a54b2332893,48.45,1,5,0
083959bb-22cd-4e17-9db4-43e3ef494fa9,52.67,0,6,0
116d3fb3-5f37-4fb2-b0e4-3dc05bb29182,47.06,1,9,1
b694fd98-95f9-4ae8-8fcb-e3c97730dbab,24.65,1,10,1
01cd2d33-fa16-4649-be68-5f732d8d8dfc,26.8,1,1,0
a64301fd-a1a5-4320-a4cd-4bb8aa33e3d9,30.34,0,4,0
a9d8e767-dd8e-4f2a-9c29-3551630dceaf,15.53,1,10,1
f09c031d-e1a1-42db-bc2f-74896ea659bd,47.82,1,5,0
1d08adfd-f4d9-43fd-9091-5eada68e9837,16.0,1,1,0
4885c285-008f-4632-a047-ead979473e92,34.26,0,9,0
d91e187e-2b9b-4a34-8ebb-36086940a672,39.17,0,9,0
b0fd7209-427f-455a-b284-2da3fbdadd52,47.48,0,2,0
ac01646d-7afd-4591-8a7c-f15fddff1bcc,6.47,1,7,1
4d5b80bf-13d9-42b4-995b-b40296fd6dce,44.85,1,5,0
e5197996-7457-419d-b5f4-6785f5b63dbd,58.84,1,3,0
8cf83d6c-0902-4035-bab1-01e1608327a1,12.85,0,8,0
1b83088f-0d6d-4574-b686-9cc7396c3270,4.18,1,7,1
f5b05272-3b88-4697-a260-ed6c40fa03f1,30.51,0,10,0
9eb82d64-f03c-44c7-8e81-178f31012cba,3.17,1,7,1
f45a53ce-dd12-414c-a219-bdedc2337aeb,15.69,1,7,1
4eeb7d6d-7bf8-452e-8b36-ba88897b9145,41.39,1,5,0
7c548fb2-77af-47c8-ae93-ac6adfb6a2c5,36.16,1,5,0
38d278fb-148b-4213-b37c-15e1a97b041c,49.54,0,3,0
739c3a91-5bae-4af0-ac15-98f60949aa6b,16.74,0,7,0
d9bbdc13-86df-4485-96b0-a3ad6416eeb7,22.08,0,2,0
f02b12b2-e280-4fae-aa56-d8ac8e9c2119,59.12,1,3,0
21d0844f-488c-43be-a3b6-f5d555116e0a,41.29,1,3,0
4d884eb9-fae1-4ecb-82ff-cc37d43c4a8a,40.54,0,8,0
a429f789-3714-4dcf-8114-e8b50ffa02e0,56.81,0,7,0
30cc1f6d-1cf0-461e-9e79-c5a9bb7113ed,45.6,0,3,0
874ea643-3dd0-4936-9ed6-42405862f84e,58.02,0,2,0
4ede7f7c-ee62-49a6-a677-2c2462b5e48d,57.63,0,9,0
65ff82ac-81a5-4244-a3d6-24431306104a,12.86,0,3,0
b1a8070b-6697-4fd7-84ed-8ac2475c605b,22.2,1,2,0
bc8edb4c-be05-4a83-9eb0-d13e442f756d,24.47,0,3,0
a3941afd-1b17-4efe-92da-0d519fbe0968,8.24,1,10,1
95d43077-a2a8-4418-977d-527c3f399f08,15.9,0,4,0
ad3fef3e-e044-417d-a16a-540cda5550ec,2.38,1,7,1
ff188cab-932d-4f5d-a811-019bc1446b27,56.98,1,2,0
d0b31c5d-2edf-4bd6-9c27-92e3ff273edf,26.1,1,10,1
a4efe9e6-7487-45cd-90d2-408650717ee5,37.09,1,7,1
0ff09db0-eb83-4855-9a3b-a323f2daeb6b,34.54,1,10,1
b879639a-5cde-420d-8668-24fede19f66c,7.73,0,1,0
ab347c08-0216-4be7-993a-694807589b71,33.93,0,7,0
87407720-9a59-40b7-a494-904e0c982da6,36.13,1,6,1
2b6e8673-61ae-4b9e-bf56-6c1e62d7e929,49.7,0,8,0
0aeb4a32-1478-4c88-9965-31dd1bf70285,1.47,0,3,0
3780878c-802f-402b-9a50-80b57352efed,59.96,0,5,0
996c1c3e-6534-4627-acb5-43ca7c4fd1b0,6.75,0,10,0
341b9eea-31bb-4c9c-9fbd-c4c7ddc62910,53.34,0,3,0
f8647372-ead5-49d4-abe6-b812e81563a3,17.98,0,4,0
80752a45-2397-47f3-ae4f-3c078af3b10a,55.24,1,8,1
514d67fc-7d03-43ad-bc10-179d9b397196,18.48,1,7,1
542635b2-cf37-4ea2-a320-e6b0f8ba74e1,58.53,0,1,0
5a3cb7fd-e7bf-4856-a792-7b44c68bfb5f,16.09,0,2,0
c9f2008d-d5ad-43bb-ada3-7dea3039f0f0,7.69,1,9,1
09b5cc66-bf9c-4fb1-b6cb-3076c97d8790,45.4,1,9,1
29e536fd-14a7-41df-a412-e4572bc3f59f,19.57,0,1,0
5682b907-24cc-46f6-8623-fb0b2b33295d,55.46,0,1,0
6b7db55f-c171-42c5-8d89-be4164c8574a,22.63,0,5,0
563fb564-092e-4d76-a1cf-7ed7c1b38c2c,50.17,0,9,0
f8a8a218-73c8-4910-a63d-f4f91ca473bc,16.42,1,6,1
d445c4e6-01ce-4f7c-a104-07abc2399f92,26.6,1,9,1
a0db1c5d-d075-473e-90e4-786bef7872f3,45.69,0,8,0
4d0cbb1a-7c30-4641-8d15-00a3798e5707,7.21,0,7,0
2a85464c-711e-4111-bc8a-bdd4c13173ec,33.51,1,5,0
11fb27c5-f184-40b2-a02a-12e68d97ee1d,59.97,0,3,0
8a558b21-9bc3-495f-b1ae-a117b2d008cf,41.37,1,4,0
10ea73dc-f574-4d61-bc67-bc9cceaf694c,6.34,1,1,0
9b4414ec-3e1a-44c1-8970-df86203ff838,25.84,1,9,1
58a78279-d941-4210-83f1-42abf2d1dd88,7.02,1,4,0
2cdcbb44-4697-4388-88eb-79482164dd29,56.08,1,10,1
9e9a2549-7e98-4d40-9a97-bc99cfd3149f,1.06,1,8,1
53ec1dc1-b933-4db1-b79b-a8daac4318f9,40.12,0,7,0
a23f2493-8b43-4863-a02f-774fe0856e12,41.1,0,3,0
71e2c7f0-bcba-4508-bb62-8b0e96651a3d,23.82,0,9,0
01d3b7e9-b238-4f77-b466-bdba4ca96f10,54.4,1,6,1
e92c71c7-87ed-4d9c-a8c9-002a34779882,29.19,0,2,0
00fe581f-a334-472f-8af2-7f052c465365,4.91,1,3,0
1ca22fde-f6de-4acd-8ace-01a637027c40,36.61,0,10,0
d6826963-f357-47d5-943c-5bae6f800fee,18.41,0,10,0
5da851f0-c9f8-4b32-9747-9a86a379b15f,33.29,1,9,1
178cfd21-d43e-4504-a29e-a9ff6764bcd7,12.46,0,1,0
ff4ae3d2-5c4b-4f08-b07a-4f4a5ef53461,2.35,0,6,0
7a7aadbc-10e3-4a98-9b66-2d05bfea9b04,8.35,0,5,0
6b217119-12a1-432e-ae1c-04321f46d855,9.64,0,5,0
83107445-12d3-413d-bc31-512fd59669b5,48.47,1,6,1
8c8f7033-2e0d-44a5-9c7b-ac7ca5d0ef95,21.16,0,8,0
c8d9b64d-aea1-4148-b0b8-c1d8361e57f5,47.0,0,9,0
7306210a-4d8c-4229-9f9f-f7d56c85e20e,12.69,1,4,0
064e4e6d-4bf7-48e5-a743-c824a64e8f40,39.02,0,3,0
7ccf5d16-bba4-40aa-b1cc-d9d8a24d4b36,55.06,1,1,0
a3be0ae4-cc58-4072-bb81-7084c95a0101,42.84,1,9,1
72824450-2964-4414-9c10-54fb8b4f863c,1.65,0,8,0
8d9ab154-53db-4c00-8bd9-9ec60210192d,47.06,0,9,0
4f5bb749-1d2d-431b-98a5-270b60f48510,50.16,0,10,0
656361f7-311a-4d5c-b7b9-207504e65314,30.61,1,4,0
0abdf90c-737f-435f-9566-a7c6dd7c5310,34.8,1,6,1
96310d01-e190-4e57-84f1-2f68a707f982,25.07,1,9,1
4793a2ea-73c3-4b5f-93e4-257220b333f0,30.13,1,10,1
7a0aff3f-a001-469f-9a6e-af7332a9def2,3.05,0,3,0
38a89f8c-fc5f-4f53-98eb-2e55bfb8f51d,49.6,1,3,0
4d065609-979d-4e4d-b396-c6a7646e0fdb,3.18,1,5,0
443f3b1c-1175-49bd-99d5-3cb17885ee76,17.15,1,10,1
5fcb0e40-fbbd-4ef5-9f1d-720b149a65d0,30.81,0,10,0
efdae6a3-b4d0-4470-ac5b-c36414200f1d,24.59,0,7,0
cdab3bbb-708f-432c-a2be-93e488b0b2ea,33.43,1,5,0
a714bd16-f732-4f4d-a16d-a780ea71b52a,34.96,0,4,0
666b6ae3-4a14-4e23-8422-cb6273cbeced,40.73,0,6,0
dd2f40b2-71ea-435a-9d4d-9d3e07de452d,50.18,1,5,0
cb36ee3b-8936-4e35-a4d0-a2a74cb6959d,39.8,0,9,0
cf2ef360-231d-4064-8a77-d13a0a283d84,21.93,1,8,1
7ed9a83b-9531-409f-9903-b87659308b63,43.55,0,7,0
5b47e670-5052-4294-9b34-ac7e29cb4aef,13.55,1,7,1
f875263e-f94b-4624-8f0e-ee407fd5b4e4,31.39,1,8,1
92435a77-5810-42e9-849d-9ca2cfb87914,9.12,0,1,0
ad4f1173-a547-471b-9a36-de706140f8b7,44.8,0,4,0
657b76cf-db14-4cce-8493-325b3bcf8732,43.14,1,4,0
b3c98dfc-bc26-4386-af5f-20ba318f7d4f,7.41,0,9,0
2563c2b2-5da4-4fc1-adca-15c91074ffa6,22.07,1,3,0
41f8045a-af67-4b03-9a22-650041d004b6,43.42,1,3,0
75f2d84e-6cf4-4e29-99f6-bd0f473cba8d,14.8,1,8,1
03c92e04-b956-4ea8-826a-6b76d98d540a,11.97,1,3,0
b32b3878-5031-4448-ab71-91da0538c9d1,43.29,0,3,0
b1193e49-e272-4305-a591-ea547966d4ce,57.63,0,8,0
48bba04e-d75a-469e-a3e8-5827d47fdcfd,56.19,1,3,0
8c374edd-3cd1-414c-9667-2dd4bad7a348,43.98,0,1,0
16f1fcf6-79a8-4d63-9519-b7beeaf8982e,4.3,1,1,0
76fe3d22-7a65-4a95-a791-6e799e7f885f,7.99,1,6,1
edf8b578-59eb-4222-9414-c0749553e14a,19.15,1,8,1
c713ed8e-6fdf-4d29-9fff-ff108ddd2319,24.17,1,2,0
0146d502-051a-4194-84e0-74ef3ac5c83f,55.32,1,3,0
58fa691e-2a67-4dfd-ac77-954eee07de1c,13.67,0,9,0
b8e8acca-57e2-4d9c-9708-7515f0070d1f,9.55,0,1,0
ae00b9cf-c396-495c-9f0a-64068fe77557,14.9,1,7,1
1ef0c82a-3df4-4bb9-9ba3-6ad87be499f3,30.41,0,10,0
858fff6c-fb4f-4fa6-8f39-0d0f8f27b47f,35.71,1,6,1
064a7665-b420-496c-96e9-0966fad94193,47.02,1,9,1
c7db653c-d4c8-412b-9fda-b4719a8b6c04,3.81,0,3,0
777e603c-149c-480e-b072-098822e5709d,28.84,0,7,0
7953a142-bf9d-4259-95e5-9685eb82a50e,15.91,0,2,0
9594b881-833a-4874-96cf-0c6df0727d33,2.81,0,6,0
74377428-237b-4e51-b7ad-a62f1b66e928,26.86,0,4,0
e3cc2c9f-fa73-4839-8dd9-2ffd9eea5a56,19.27,0,6,0
53f8a4eb-240d-443a-90de-ae624f677789,49.98,0,2,0
e54f155f-8ade-4aa4-b37c-9749aaaa9606,23.64,0,10,0
34447766-2aaf-4c47-ab5a-e584b09df8ff,11.24,1,9,1
7d24303f-1f5b-4864-9b3c-543cb1e4f972,22.6,0,4,0
09ec3977-4a64-4c31-8afa-37cf4854867c,4.2,0,6,0
b91d6ea7-2e41-42f4-8306-61d1e62d0d02,11.58,1,8,1
67edf495-6978-4902-bccc-6e22ed16a50f,41.29,1,8,1
7b3b4271-7822-4a80-8426-826d9c9dfa26,32.76,0,4,0
87fffd49-3725-4b9a-b270-98c510553c50,44.08,0,4,0
0970e439-b06e-4d80-81b5-d7fc99f7eed6,49.84,0,7,0
87c01b50-5ee0-4158-a5f3-ca74dd93b96b,5.15,1,3,0
84e86860-9216-4fb1-8929-419bb4f3ac2b,50.05,1,2,0
004154b5-bfee-472d-901f-9130ae5df120,42.51,1,7,1
f988fea6-25b6-4d03-b27e-c052ee4a54f4,32.71,1,9,1
7f0086ba-adbb-4a75-9c33-36b73a228f12,15.58,1,5,0
3e063959-faf6-4be2-96b9-f906559f0bf8,7.22,0,8,0
fa24cf95-f2db-4005-abfd-fa79a746c668,13.65,0,9,0
fb97c6c6-64e6-48b4-9445-38ef0f9c3ae7,8.54,1,7,1
287ebed3-e08f-42f7-99ad-eb4b13848437,12.64,0,7,0
b8344938-a63c-470a-bfb6-4c321443631a,58.38,0,5,0
3017a9f2-8948-4b57-9f04-52e53f88f074,13.54,0,5,0
aa1c38cc-3db7-480f-a560-57ffa6892aac,37.1,1,10,1
c9daac14-ba36-4228-846c-279bd67e99e8,40.29,0,4,0
6a39bf19-d317-4aa8-af2f-3958bed2dc26,13.03,1,7,1
62dfc8a9-e325-4694-b510-01f03649e7d5,40.83,1,3,0
723bbd32-0d6b-402a-b022-8f331f9c88b2,22.87,0,8,0
8aa98372-db70-475c-9d74-d2d0ee7f5d19,23.8,0,6,0
b6cb84d4-654f-4ad9-93d8-95b3d8453574,57.51,0,4,0
d64b581b-d559-4546-82ff-3e853637b13b,43.83,1,7,1
88a4d25c-535f-49b1-af8c-4cd3f30bfbc5,3.73,0,2,0
cb5ddf08-b45d-4763-ac20-9567b8154be4,43.37,1,10,1
af356d3b-63d5-4fde-8717-5e4ec5bc653e,40.38,0,6,0
cea325fe-53e9-4dbb-a3e1-84f188ea49e3,31.71,0,3,0
404b3cf1-000c-40fd-9a6a-5391642d25ad,30.45,0,1,0
3988411e-44f5-4be1-bcb2-38a95f07f5ac,43.8,1,5,0
a2602217-b942-4e1d-8947-f061c524f79c,49.53,1,3,0
92c217b1-8d51-4f98-9205-3f95d28e09ac,16.68,0,3,0
f23bec02-93ba-4dbd-b65b-e4081016ba69,55.93,1,10,1
066527af-72b2-4158-8f19-6500511aab4e,16.1,0,7,0
e2570a43-fa1a-4c32-9ff5-ad7c1c052441,8.48,0,3,0
424e98c2-7b20-4d4a-b87a-c592d19deee7,34.59,0,2,0
3e95a910-2a4a-4369-b6c2-5ce422c8b3f4,36.1,1,5,0
1a2225bf-4fcb-4a3c-aff4-a14d10555b97,52.7,1,1,0
e5aef560-778e-470c-b7b4-62e5b4f7f607,13.57,0,9,0
f580813b-9d77-4b27-b16e-2196cd6bb01f,13.22,0,7,0
47c98b5f-2534-4b9d-96e8-a5676f07042e,8.94,1,8,1
24449c75-cad9-46f8-a7a0-fb8da683c3f7,22.3,0,4,0
82be8b0f-77c6-42b2-93d3-8590d18c1294,18.0,1,10,1
e2092048-1dc5-47af-bfde-61ea55fa7f16,48.06,0,5,0
742c1215-3223-49b6-b266-685a545b007c,3.04,0,10,0
42d59f18-a460-4b50-91f1-70536419089c,35.62,0,6,0
1aebd7a2-2e14-4737-842f-a562f586e1da,2.34,0,8,0
17ed71f2-8703-4c44-ab54-428a28f70170,35.95,1,8,1
88a12e3b-e080-4910-8ec9-c216ed790334,35.38,1,2,0
5f89bc80-441c-4e68-a726-0227f96d817e,6.07,0,1,0
07944b49-ea9c-49a0-ae35-c57ad4741593,48.15,0,2,0
c681c83e-be48-4c86-ab67-672c18e916c4,41.24,0,8,0
814ad78b-3d4a-445a-a95f-03d46f1a2dff,53.18,0,5,0
a290e9a0-0807-4f00-8f32-8fdd5cff766b,46.22,0,7,0
9b111c5e-9f30-44c4-a730-273012429892,55.16,0,4,0
84b2577c-191e-480a-ac04-becf9b8a24eb,6.63,1,9,1
324cfd49-d6ef-4b08-befa-18a6391cb2a2,36.77,0,2,0
4eba29bf-94fa-4ee2-b40b-1d96ceaade46,52.32,1,4,0
ae1d092a-7cd1-4376-baf3-12a2e65e9e4c,57.94,0,9,0
d86cefb0-5373-4d3d-aa97-f4521a9f7086,8.17,0,9,0
cab2d770-7100-4c6b-b545-4c7585490b7e,39.09,1,5,0
81c06d80-8302-4a9c-b935-b34ac2433b18,45.05,0,6,0
0e93dcdd-db02-4c11-95bd-d9aecb5dbf57,35.99,0,8,0
61c091f9-1150-4acb-869d-3738c9685b20,38.71,1,7,1
c5778bb3-e01f-46a9-82e7-72ddfdf89820,5.5,1,5,0
82589a30-3395-46fb-97fb-9f32ee2ad78f,39.91,0,7,0
8c7326ea-da3b-4d7d-aaa8-c3f4b185ab8b,1.02,0,6,0
a421f9bb-41d1-4e19-85c6-cef0ffff5905,31.76,0,6,0
7c3061cb-fd81-49ac-a147-a693d4039bf4,14.12,0,9,0
beac37e2-dc77-4f4c-bd7d-addc77b57f66,38.22,0,9,0
aa80e451-2fcb-4dcb-bbed-cd7e9589f2eb,53.45,1,2,0
c3afd3e4-df8c-40ba-a80f-9160f0d262d1,15.18,1,3,0
23636423-50f9-4bb6-b38f-83848103ccd6,6.46,1,5,0
de42b51a-b39a-46f9-a384-b06381ce72a2,56.15,0,2,0
e9e1a810-5a70-446d-852c-83f9e783f997,40.53,1,9,1
c52cdb9e-94a5-42cd-8b37-84f7ac0a545a,8.15,1,4,0
b156cbd7-3568-491a-93f3-7ec25979ddce,40.35,0,6,0
ab66afae-53c4-4b65-9144-98487f971835,10.83,0,8,0
0c7ceb0f-89bb-474f-821d-b41870df0883,18.64,1,9,1
3b29a681-2467-48c8-acdd-b50727a39dfa,26.95,1,4,0
aa9abf31-4cf3-46a8-be6d-2b35769fbc03,27.74,0,2,0
a18b6e18-62a3-4e9a-8900-3ebff99f72bc,57.31,1,6,1
812113cd-bbb1-4bbe-894c-a1fdd34cbdd7,58.47,1,4,0
cc8302bf-bcce-4202-81e5-0aeecc7bd14d,12.03,0,2,0
7c9912ba-5916-44d5-aae3-6943418b0567,58.9,0,5,0
d4b15ac8-86a6-495a-afc4-a47e47a50e7e,25.38,0,1,0
71a5d13b-662e-4f0c-a3f9-c856224863dd,29.52,1,3,0
2638b801-b84c-4f74-aa53-b7593ff41f94,42.25,0,5,0
655a6174-87ed-407e-85b6-a007d3c670c7,4.39,1,10,1
5c5d4cf1-7dbf-4302-9dfa-5ba16db0fe5e,2.1,0,3,0
42255436-bc7a-4728-8271-e5e5e326e7ec,53.85,0,9,0
122a0581-5b1d-4049-957e-d5f2ad6e0c7d,53.97,0,2,0
40a5b107-2a77-462d-b89e-eaafc5c44d2e,37.28,1,8,1
6632e877-3d2d-43fe-b61c-abb11b90f861,6.72,0,8,0
4db92ca4-abf9-4441-9209-9616d4230289,55.67,1,6,1
06421782-5abe-4459-b7c4-2a6e66a775da,32.72,0,10,0
07738cd3-c576-466a-99d9-7a296755c081,42.69,0,5,0
7003db8c-8196-45fe-9149-8f8e1fc412d6,30.3,1,4,0
c3f47a61-1baa-4bdc-8b61-71773f890adb,46.73,1,6,1
ee0b4f14-2326-47e5-9d7c-1de78397eafa,33.68,0,4,0
5bee924c-94ee-4d89-a2d3-db45f8ab2c08,13.3,0,5,0
9bcfc5f6-f605-4706-a68e-f02f6eacad70,30.53,0,6,0
f77ce132-d222-49e3-bde2-2318d0eba004,56.5,0,2,0
000808a8-74a1-49a7-9f75-cf627f0294ed,57.76,0,2,0
5b8d2321-027e-44ce-b089-6b2fb3b5ed74,33.69,1,9,1
dd8360ab-6505-451d-a88b-29821bb65563,50.63,1,7,1
521cc925-d7a9-468f-b69b-95975e23912a,35.72,0,5,0
70fca831-950c-4271-986c-1ada5e0708cb,58.15,0,10,0
1095097c-961b-4802-b541-2a2f235e359c,33.41,1,4,0
4f476a27-9f59-42ab-8fd6-95a8f0f99d55,43.07,0,10,0
a47d6daf-4c59-43db-9630-0b349174e967,4.93,0,6,0
568537e2-6f95-446f-a482-26a5be082fd1,17.51,1,4,0
5982062f-666f-4168-bc5d-fcf8b9df6300,17.14,0,5,0
e052aaea-33a8-4851-8b73-a2284a5738e8,32.71,0,8,0
14567f01-4474-45a5-b7eb-b7266ffbb047,58.82,0,8,0
c59c51ab-b8a4-4978-93b8-577f9887a2c3,49.92,0,9,0
0c19933b-d247-4a86-9004-3a700595dead,39.3,1,3,0
918ba4a4-a5e6-4f5e-868a-3efc2a6b52b7,27.92,0,8,0
87be8b38-a68f-4cc6-b459-de92bb48d68f,18.07,1,2,0
36a71494-6661-492e-afd6-770d204cc300,4.53,0,8,0
86bbe271-eb64-4609-a9f9-c7a18bdea0b8,42.22,0,2,0
4398e51e-1780-4e96-9565-aa4cb72594e5,31.15,0,9,0
ade31068-9e82-4bb5-809c-010ff129e44d,5.3,1,4,0
c89ac07c-045e-41f1-8d4a-7f0456b37885,34.04,0,9,0
b25d73f5-ab2a-49f1-a721-aa60d6cddb04,25.0,0,3,0
44d942a0-a422-4381-8ce6-873bf9ec9906,35.35,1,9,1
3b19e3ae-e840-4a65-a797-85e00d7eba41,34.13,0,8,0
8fb1ad61-62ea-4010-a4b4-c3f929cb7d7a,11.47,0,5,0
075ab17d-673d-4190-ac6c-9e81d612bfde,50.12,1,8,1
fd92d973-1b6f-4592-a458-56e9b08e1afb,50.07,0,8,0
c9e79285-edb4-4a77-998b-855f055f25d6,53.87,0,9,0
cc68157a-8eab-4c4c-93d7-cf88cdd0245e,49.94,1,2,0
6d9d4b49-23d1-4311-a207-4b887b694087,13.55,1,7,1
86ff5327-d1eb-4110-bb06-41bd51c40660,41.63,1,5,0
27e56fe4-466c-48c9-a0a7-8b30b84b923e,28.21,1,4,0
1460a3cc-4139-4819-8027-cb673ae87cab,17.47,0,2,0
52a7f9f3-5abe-4867-a789-db56ed6c6eda,27.3,0,2,0
30b48231-e97e-4424-bbc1-dd8b4849eb0b,41.15,1,7,1
8ed21d3e-88cc-4a20-8245-5703c59aa7fb,22.56,1,5,0
9cb51871-82c6-44a4-a99c-28cefd1ea249,17.26,1,7,1
12999374-9aeb-4a5d-86bc-09ac881c253b,2.89,0,10,0
f0a8f5f1-de7f-47ad-bfec-f0be3958e806,21.59,0,3,0
ac99337b-9619-4d60-817d-3bce4914d29b,37.33,0,9,0
13041733-e689-4a37-aa1c-a9fa89d8b0b7,4.82,0,8,0
5b60de3d-eb7f-4822-be6d-bdceb587de8b,51.0,0,3,0
30d95c16-db5f-4410-b895-c9ec180d6a23,43.12,0,8,0
ee3cd2dd-d118-4991-92c3-8609677612c8,1.53,0,7,0
f29652d4-836b-4e6e-9ac3-bdd96e9e6a20,1.89,0,7,0
3ce958dd-64f3-4fc5-9a4e-a0c00579f5d5,42.57,0,10,0
9cd94b0c-4435-4df1-94ac-f6557b5b56bc,2.13,1,5,0
8e9b6746-7742-4a54-b402-aeee9c921f97,17.66,0,4,0
6961017d-3a70-4c1c-98e1-3a5b9a4e1924,22.88,1,8,1
0f80d191-eb66-4bcd-af80-c49650baf6b3,20.35,1,2,0
a5563637-6589-41df-b42f-0d034b827596,41.69,1,7,1
c39b47ab-9041-4cee-9352-1f5fffa3898d,12.7,0,9,0
aca17b33-3e09-4998-893d-cd6450882975,29.92,1,5,0
7f5d8719-453a-48e1-832d-d25505636768,25.55,1,9,1
d4c80d29-cd63-48d8-a7c0-a0a5fbb991d7,9.85,0,4,0
f44dd106-583a-43dd-a913-e7ce6134f173,45.38,0,2,0
e0235fb0-1ed3-4dcb-a043-87db1fee5df7,47.83,0,4,0
1987213f-0691-437c-b6ed-e87058b3591b,29.57,1,9,1
3732fb09-6bc0-4f2b-bd0e-58629f571c15,19.35,0,4,0
5952706d-f3a9-4b0c-b016-c58aa223c680,36.05,1,6,1
4cf96247-f89a-45df-ac2e-d4ccadfef15c,16.08,1,1,0
b30ce08c-78ae-4e0e-9f2e-034e38c06dd7,48.65,0,4,0
b746d37c-7bec-46d6-97ad-496b80bcd34d,52.45,1,2,0
3f49f974-7a67-4d4a-8ac7-a8a38a8042a9,14.3,0,7,0
eb53b34e-e55a-4068-aee2-a1ec128fd3d8,20.76,1,6,1
55dff8a2-37a4-4b7b-9fc0-9cb59d4036e3,30.08,1,1,0
f331707d-892c-4962-8a97-0a3cd026943f,39.83,1,10,1
9b70972e-7fd2-4699-8c22-24f8b655f94e,20.07,1,10,1
ac8a6fc7-b990-4b4b-8b5c-dee46b70eb92,3.2,1,4,0
c2ca51c8-a655-45f5-91a7-3809dc73621e,29.96,1,4,0
09c64715-731e-4b4b-b370-c890b70a28f3,44.73,1,5,0
1998ef91-5cda-40fb-99e6-0628ecf9a1e9,20.84,0,9,0
c7b5c814-cab3-40bd-9a02-898b9deee7a5,49.61,1,4,0
a708394e-0ab8-4304-baff-fef80aac8e47,12.65,1,4,0
641658db-8c64-4163-a8cc-9e2381cd0b63,31.32,1,2,0
b0e507e5-ad16-438e-87d7-1bc686b89f59,34.93,1,8,1
a74813f1-3c7c-428b-8a8d-3ff7dc2db5be,54.63,1,2,0
2dff0f78-a572-4b35-971a-0213a1980ba8,53.03,1,2,0
bea143f4-66ac-45e6-b91b-9d479342c98f,35.98,0,6,0
f9b5e6df-20b1-4008-b980-c7bcfc08a94c,24.04,1,4,0
01aec0b0-5085-47e2-9c29-76d67eca88ba,46.11,1,3,0
d5a7a20c-ae76-4ba1-8626-b195a249b003,33.71,0,3,0
dd0177b2-9b1e-499b-bee7-7ac1849cee3f,22.97,0,10,0
45c34ab6-e8c9-48a2-9657-37bab3d07b5a,51.76,0,4,0
fee7bbec-fe16-46b9-8b80-f9d58611bf7a,35.35,0,4,0
81d1b4e4-8e6b-49f5-a688-f62d6ca29c53,26.8,0,1,0
7ac6cd00-497d-49a3-a73f-59d03f7d037c,8.61,0,6,0
948f544f-7221-42fb-94f4-994456feb7c3,18.27,0,6,0
5eef6989-e4eb-4a06-a52b-f41078867cb7,52.2,1,5,0
adbb64e7-9627-4d47-b2d2-2cdec14463dc,11.08,0,1,0
f1cc6477-09f4-4635-a117-86a3a0fa6e9b,45.39,0,7,0
dd96111a-1589-4dbb-abf5-2578859648d3,3.39,1,5,0
4de18d08-346c-497c-8fa9-c144fd513f60,44.74,1,7,1
4cbad4f9-f952-451e-b7ff-b1cbd1728692,7.51,0,3,0
42fbf855-830d-41ea-9851-341d9dd2b24c,50.94,0,2,0
a773c436-8d6d-4750-a3f9-7ae49833adb2,7.33,1,3,0
22a29d15-01e7-44c1-8496-342c2d82d7f6,42.01,1,4,0
0e60c976-b2ca-4806-886d-9691d8484287,55.29,1,1,0
9b8ffd17-9901-4033-9ef8-812e95dc3cf5,27.57,1,9,1
f40917b8-a08f-41c6-8613-919ac8a5dadd,49.12,0,2,0
0a60f7aa-e9ca-4964-b532-df5932b97ab1,24.18,0,3,0
bd6bb84a-7198-40de-8b1f-c0eb0fae3950,11.14,1,10,1
9d105ee9-0cd8-4ca9-ab8e-126db226e6ad,53.41,1,3,0
199b8b2a-d830-4660-baa5-cf5ff97ec2d3,33.59,0,9,0
9ec8fa10-8594-4cca-a6f4-9ffafb0e4e97,1.08,0,5,0
e5c7eb0f-e0c7-49f1-9657-3291eeacd3c9,8.79,1,7,1
d5491ca5-2ef9-484d-91e7-6bad23a785d7,23.83,1,1,0
0f6141b0-34a8-4b85-9521-5471ff880594,20.14,1,3,0
e0929708-d556-4d30-8165-16c12f96d640,8.27,0,2,0
02b5696b-07cb-4d84-8188-85e1b95343ba,5.3,0,9,0
92c559ec-539e-4561-8957-de5db90a84df,16.99,1,10,1
496cbd7c-dbe7-46f4-b459-8837847e3bc5,50.69,1,6,1
8141e64a-af29-43ca-8031-716fc018ea7e,40.41,0,7,0
a3bf5755-5860-4307-8fa4-740a2367abc9,34.92,1,2,0
227440d4-1ede-4f58-af30-ec7308045889,34.58,1,9,1
e4c1bf05-cad5-478c-bb48-4f68455d6d1f,34.12,1,10,1
18f00f79-09b0-40d1-bd4e-5a3a833d7fcf,5.05,1,5,0
107630b8-9106-4486-976e-08f59a53bc28,4.39,1,8,1
dcb1aa72-47e4-4c2c-88ac-67c862d7351f,54.28,0,2,0
679bf612-5d8a-46b4-89b0-9e31401198e2,36.89,1,2,0
e9190747-6b0d-48fc-a43b-b9e2b8b693bf,46.41,1,7,1
6aeaba8c-6caf-495b-a424-27186a04ba7d,53.99,0,4,0
7ffa144c-839b-4157-bdbe-ccdc16a1a225,41.04,1,9,1
138fe60a-15f0-47bc-8f55-dfa096e748eb,19.94,1,10,1
a4360b88-fad1-4a48-8697-8a6dd0dfaeb6,23.18,1,10,1
fdbf820c-6dcd-452b-9d79-80fc10687e5a,51.59,0,10,0
e6b9342d-ac3b-4bb1-bd4f-bbfc7c3767ac,47.75,0,7,0
32fd288d-da89-47bb-b6ad-6a56902d48d7,50.15,0,2,0
3acb9aed-4586-4df5-8b1e-6ab17291fb68,58.36,0,6,0
3044a25c-a2de-420f-aca8-1e52ff24185d,48.86,0,1,0
781f924d-cb46-4d26-a5e2-f75119f4593f,23.87,1,9,1
5185641f-6a16-4b53-8686-fc42998775fe,8.69,1,3,0
e064d637-6f0b-44fb-a436-1827679ff8cc,23.85,0,7,0
6e3e5fa5-c0c0-4518-b0b8-1670d1cab2f1,42.48,0,6,0
c8c7daec-22ee-4301-9cc7-aac1d962ef7b,57.72,1,9,1
5ed14413-0418-45d8-9b38-24aaf3e49faf,20.11,1,8,1
4009b981-a619-4c3b-b2df-8b0277156492,58.69,0,9,0
8f6ba409-0bdd-41e2-833d-bb0d643b68a6,13.26,0,8,0
49644c6f-98d4-4fa2-8b5c-cf1b9e8789ba,47.02,0,3,0
34326ad6-a53a-4edc-a7f8-0421ba1b83aa,8.69,0,4,0
10b86002-6b9e-4826-9186-ff822df5a6f4,34.43,0,4,0
e20e81e1-4390-4020-b86e-a3ecafb3d8ec,13.44,0,10,0
7a4d14e2-ab03-4f6a-bf07-d2d81c82eb00,42.07,1,7,1
071f2ce1-dba9-4ac4-949f-27402d2bcda9,55.91,1,1,0
e5bc855f-44d5-4555-ad79-daa3144d0535,19.99,0,6,0
bd08d784-90d4-4310-85d1-c559af7b5989,44.53,0,1,0
b44bb037-f97e-45eb-a429-6f97e2b9465f,23.61,0,2,0
2603eacf-676a-4ebb-8a5f-8c40c09997c3,51.55,0,8,0
a2c4912f-f4ec-4184-97b4-2c86cee5a77a,53.23,1,3,0
6bc1cb6d-8434-4d73-af02-01fc519db06f,15.93,1,7,1
1b95a848-2fa5-4bb1-8d75-861a4bdbd365,23.46,1,3,0
4a1f59f6-cab9-4f42-9588-c219700f2354,51.66,0,9,0
d71768c2-240c-4e6b-95fa-5aaa16e6b3b6,23.02,0,9,0
bd52146c-f20f-43ec-b3f1-45d4fff46205,30.38,0,5,0
96db2ee2-e82e-4027-b72c-f8b514a9b466,32.93,0,6,0
159fc145-3b2a-4208-9ee2-7fbe17838d40,48.48,1,9,1
cd7fe1cc-e07f-4e70-93a6-ae8bd4f67cbc,59.02,1,4,0
5e03b035-ec41-410a-b769-50a464e8fca0,19.05,1,8,1
f570c9e0-b85a-4223-a292-927bb77dfb6a,35.87,1,5,0
c720c728-d654-4a69-bf82-05c47d7de789,4.4,1,1,0
e1e4f301-871b-4244-abe2-0d8d7ab9e178,14.06,1,7,1
e7a079ff-799c-4129-bd2a-052789096a7a,58.81,1,2,0
8e6b84b9-ca1c-44cb-9456-4b2bc5095828,42.43,1,5,0
9247ff47-1053-43bb-a373-9740e8c146b8,28.18,1,8,1
2721da5f-5fe4-4139-b210-4d6ee25cd265,1.37,0,9,0
f3782c07-3d1d-4cc5-a2af-b07739856587,15.11,0,4,0
e0790b1f-7941-4369-875b-0b3d22ac5852,31.69,0,1,0
697a2f3c-9479-4049-ad88-84b8a6a2f887,24.83,1,5,0
69d05fe8-1314-4fcd-8e06-412df5b9cdc7,42.84,0,4,0
0a4ef19c-f8e7-4834-a042-bf92ec2d6110,11.17,1,5,0
a918ece9-4f3c-48df-9362-f3143eb9df2b,29.44,0,6,0
cb8a9aaa-4bfb-4f55-9697-b3f1eb1d5dba,57.24,0,8,0
5c2338ef-1c0d-40e8-bfb0-af0e819296eb,18.73,1,10,1
5675cffe-f670-40f6-8483-f4bcd1e5e23f,18.12,1,4,0
cf28d3a3-aa21-4d98-9926-abfcd5745ff0,27.68,1,2,0
d1ca6240-73ce-4825-8d3a-55d18ee226cf,43.83,0,4,0
09874568-d422-4751-9074-643804c286c6,3.74,1,5,0
24c78733-9a6d-4cab-afd3-91dfbe2cc3fa,41.62,0,5,0
6bf1a47e-fae3-42c5-9e8b-bd9fe7289813,27.8,1,8,1
150d46dc-e8db-4a79-bdb6-dba666ce3d42,8.32,0,2,0
4fa70d8c-7ac3-4f16-98e8-25669708a9dd,11.28,1,6,1
e00cb866-12cc-43ea-8610-6c9714fd98ba,21.43,1,4,0
8ba71d01-a304-4620-9ce2-0084fb2afb57,51.2,1,8,1
bd12d5c4-82df-404a-a695-05178aa8f792,52.34,1,4,0
7bb5b606-3a5e-44dc-b817-f16f2c763157,56.95,0,9,0
82da2a6a-de5c-425f-b74d-8df53202587b,27.97,1,4,0
db7abe8a-6997-4964-857c-e49b3e2b9505,49.02,1,1,0
0af74c6a-a1e0-427c-983e-79d1219a96ca,6.23,1,6,1
1e8e5941-1da0-417c-8bd5-a2c88ff9b763,7.64,1,2,0
655fd251-c45e-485d-85d6-a928636030e1,59.61,0,10,0
6c228c25-8bd4-4198-9b1e-955b203caf2c,40.8,1,6,1
d6174c9d-fbc3-4ca1-9e51-51ae4a89681b,40.24,0,7,0
5116238c-8b1b-4e86-82f6-b32971de3f07,53.82,1,6,1
063cc246-cd86-40c2-b69f-87a977db9e82,18.03,0,10,0
8ad70c08-21fe-4ac8-8191-0aa10a7f62f6,53.49,0,2,0
0860235d-d53f-4217-808b-8c4669c41e35,19.01,0,10,0
2961f3ed-7c53-48fe-a253-cb8c2254ccfd,34.75,1,2,0
8530b915-221b-4198-ae13-1032518d03ea,39.06,0,9,0
2731506f-46ed-4d80-8371-95f2c83c3c5c,48.02,0,8,0
f7958205-43ba-4fff-8a7f-1957e77df493,50.22,1,4,0
753632a7-aed2-4dea-b504-667cd7db772c,36.92,0,9,0
9e04e963-3b2e-4581-8b9f-a4f293a29afc,15.08,0,7,0
8d899843-7d3a-4d15-b1e9-482151f2cc6e,13.52,1,7,1
a559dca8-8539-4352-a866-2b6fff6eb478,40.47,1,6,1
eb2dda06-5d3f-459b-aa72-9cbd8beaf795,30.06,0,8,0
4081da13-c5b7-48c2-8c6d-0f676d94d57c,18.53,0,6,0
ce24c521-01a0-46c4-8858-ba3f7795b7dd,30.62,0,3,0
7f1c4bfb-f14e-4d51-837d-d431cc36d34f,2.64,0,3,0
a65cf5c9-f39c-4e12-96f9-97df8a7472b3,29.4,1,10,1
e81edc23-1f7d-4276-82e5-178fcabe6cfd,30.44,0,9,0
23d355ee-33ff-4a43-8393-0f02a1b995e5,22.88,1,7,1
ddef93dd-5a45-4bc6-bef7-6bb84f6770e2,19.87,0,1,0
0d688080-b6b5-431a-823b-b1fa4009f721,37.74,1,7,1
b76ef0e8-2779-4d62-928c-62e96217fd8b,4.91,1,1,0
8041d4e8-030b-4d55-9e62-36e6e0f9e3d9,9.64,0,4,0
57ff7db1-9455-4ef5-8f68-70d507dd5366,26.55,0,8,0
6a3f5823-c450-4308-a608-8a8bb7d9ecb8,43.91,0,10,0
fa275780-6709-455d-8e4a-e40b73dc0880,10.96,1,6,1
e7d69592-e590-4f65-bbd6-89a4b8de821a,39.44,1,3,0
e7fd0743-0b8e-4713-a674-9fb165db8ec1,56.32,0,9,0
340f76a1-3baf-4039-8e21-d538abadf55d,52.21,0,1,0
18733061-fd51-4f69-b3ed-90bbd25c84d6,21.17,0,8,0
db4d4dce-3141-43d8-8289-16f44eddde2e,31.98,1,2,0
4ef43efc-0f95-449d-80a4-bdafcb618282,26.23,1,9,1
07c7ce10-b38e-42b3-8b4f-819a16df2dfd,45.11,1,4,0
aba3cb62-91fe-4897-9e1c-b2bf12c83d67,22.54,1,6,1
878a29cc-5ba3-4b1c-9d7e-26dd4a541378,10.44,1,2,0
fd2f0dd9-b814-44d8-b667-c9666a05f125,49.57,0,3,0
59d7df8c-f5d1-40c9-9081-d18a1964bf48,9.51,0,5,0
ed053c8f-a409-4aea-8ca6-e1de01264148,39.23,0,1,0
b9f8d321-b00c-4646-98b9-2bb0fd567188,49.77,0,4,0
77f1d491-8efa-4670-81c7-3e8dd884f704,47.65,1,8,1
1de835a2-e3a3-4e42-a768-bb8f76e44dc5,1.43,0,10,0
6bf520aa-cca9-47e0-8113-9b69635c3e58,17.05,0,7,0
904ddf6d-571f-4da2-bc18-8a50ad79edfc,19.76,0,7,0
5294ee99-1565-4b02-9527-196fe04483c2,33.27,0,5,0
452a555d-9d0e-4071-a7e9-a0944018d46a,49.39,1,2,0
59127d04-325a-4548-83e2-290953565a87,12.34,0,10,0
13ab8320-3c7f-46ca-8e5b-1b28a3685e3c,39.1,1,7,1
13ff2338-6c32-4dce-8b64-d9708b1085af,3.37,0,6,0
c944e22f-9ddc-4a9d-b4f4-3917d8721a74,4.61,0,3,0
2dd6d11f-fb49-4871-9527-9ebc939f18c3,4.39,1,5,0
79661da1-76ba-47a3-a942-2a2f4880da80,5.06,1,9,1
ecab6404-a7a4-400b-8be9-f20266af5b5a,58.85,1,9,1
a7f500af-a95e-4719-8ab7-717e86c2310a,29.04,1,9,1
5d33c02e-907e-4830-9150-bfa73feb423b,33.63,0,10,0
4a10ecfc-9daa-416e-b623-43af6d8665cf,2.26,0,9,0
1abb2444-3cab-43b1-b399-eaeeaacf6fad,45.88,1,4,0
1abe4d38-6fc1-41d0-aeb4-3a0f6e537030,18.4,1,2,0
f0016ca1-db96-4707-9548-643723ae6065,26.43,1,9,1
76b9d598-3793-4298-8497-f71bcba729a3,44.88,0,10,0
faca713d-d53b-40cf-ab28-82b8cba668e8,31.14,0,6,0
eada149d-6abc-4c74-9950-2f5074cf06da,3.4,0,2,0
85868fe0-8a8d-42a8-a7ab-b15a4c3d02d2,56.25,0,8,0
2c69cc33-6470-41bf-8840-41be657375a2,36.68,1,8,1
9bfba034-4743-41ae-9c96-e3e5cd9d6bc6,56.95,0,3,0
377d8bd1-6646-4521-a315-6e96f6dcbf7c,2.47,1,10,1
a69d2ee8-a7b0-4cc7-9410-6906a83ab925,17.22,1,9,1
4e59418b-c628-4fb7-992d-cf0e69a3a9ba,48.16,0,4,0
5174b2d4-9570-4c92-8233-4be1336930b3,25.47,0,8,0
96514903-23e8-4e1c-9c37-274f4e6d600e,2.95,1,2,0
e737a982-2da4-4a52-9cd4-65014e4fb279,18.52,0,4,0
b3895328-8d4a-405a-9800-7fdfa2ae0b74,31.06,1,10,1
41f902e7-fc1b-45d3-82b5-cc96255b98ea,58.71,0,10,0
9aa96cba-1f69-4839-adf9-6a47a1fb5bdc,57.24,1,5,0
342bd61f-c76d-48e6-bdae-8e254a7dbaff,47.02,0,5,0
96e77496-bee4-473a-b7f4-8c5ec9fceb4d,1.58,1,4,0
c9c2f53e-8589-4762-86b5-06572d8f8e55,47.27,1,9,1
d48192c2-a4a4-4f4b-a074-340330385d33,20.33,1,3,0
2537e107-b159-4cd1-a3f8-c9066c91c961,1.76,0,5,0
034d7510-d1c1-486e-a9d5-637e4a4962c7,1.86,1,1,0
88c64a69-e614-4327-8a6d-01d0fcaa4209,8.43,0,7,0
c2f0c4e5-5c03-4fe5-9db0-c092914f3da8,7.06,0,9,0
53da2b9d-113a-40b9-812a-23f5fa7cda81,41.09,0,8,0
038d513d-4687-46ce-b2cc-d386a364b571,21.8,0,6,0
0556acab-f394-4a78-8d37-856efb39e2f1,35.65,1,2,0
34256a88-3e63-4fe4-84ca-2554d56f9748,39.08,1,2,0
240d2bc4-2508-4a32-9864-2df3d62dd073,23.3,1,8,1
e770166c-fae7-44d4-9c00-e3a568e68360,36.48,0,4,0
238c75b9-9612-47ad-afb9-350675930d01,31.56,0,9,0
1bf90394-014e-4d10-a1f8-e8785075047f,42.87,1,3,0
1efe5f33-1bea-4f6a-805e-fd6bada31370,19.09,0,3,0
0765835a-150a-4780-9006-457652e5bf5f,35.24,1,6,1
0cd3bf3f-3b27-4d37-bd7c-432e8215e7b9,20.8,0,7,0
27541347-fbbf-4392-9e78-360957a02de5,2.34,0,3,0
a78e17c3-ea51-4042-85a7-40c145d1ba62,43.59,0,4,0
9160868a-2077-4c3f-a545-a082e8625af2,25.86,1,6,1
29348674-436f-483b-8e65-c1fe67bfcf09,2.89,0,2,0
e65eff23-4cb0-44d6-8fd9-4de4591c50ae,12.12,1,1,0
5498e2b1-fe27-47c4-805c-0160c7e47e4a,21.67,1,10,1
5971019c-1c09-4c7b-8e97-037bb371d040,13.02,1,3,0
eb814858-75c3-4354-b8d9-7cf513858185,7.44,0,6,0
2732c83d-b74d-46a7-b14c-9d965d5260a1,38.72,0,8,0
d3e38967-50c4-4246-a5f5-ea8530253006,21.35,1,9,1
6851262d-7fff-4624-8e47-334443d8fba8,25.16,0,4,0
74e02cd7-d4c9-40dc-ac81-40f579c075e1,15.93,1,10,1
f513a8ac-46ba-4d7f-924d-0371bfe23c29,12.2,1,5,0
78fb8943-203e-4909-909a-a5e768040d10,57.56,0,7,0
12c537a0-3071-4a47-a187-19ded9023f79,52.59,1,4,0
475f0ffc-e8b5-438f-bba2-863b7a437b55,38.67,1,9,1
53b288bd-e8c4-424e-b469-7b815adf96b8,37.12,0,6,0
f51e06f7-783a-4abf-8a15-c5190776b958,29.05,1,9,1
39c3fa6c-0a3a-4777-acf9-ea828a790f63,41.03,0,8,0
386a44ec-1267-4fcf-98a7-d3ddb7cb917e,28.5,1,2,0
8cb59a8d-dc11-49e8-9f8a-08e6f911ac39,33.7,1,3,0
c8002bce-a4d4-4a65-823b-2458cf25ef3c,25.44,1,1,0
117ff57e-dc57-4ceb-8460-dcd60483cb26,49.98,0,3,0
9a2c064d-6d30-4a82-a0fc-f0b5cfa02fe2,15.37,0,1,0
ce8cafff-e382-482c-a71d-67f2c2ed0f6a,15.1,0,8,0
a740b1ab-0ef5-4c0a-ba60-d63404bafcbe,30.8,0,2,0
79209ee6-7364-42f2-979e-94b3c840bd9f,53.07,1,2,0
135c38f6-775e-406f-aa3f-54cd88e24c15,40.16,0,1,0
39ec9afd-d007-4a0b-afa5-7160073055f4,57.35,0,10,0
9c0e877b-20f9-40aa-9210-a9b932fea1d3,51.89,1,5,0
3bc5a181-c328-40db-8e8d-889b0d09faa6,29.36,0,6,0
ad7a9d5c-d756-41f1-a4ba-c0a455f00d62,36.64,0,8,0
a268265a-0cb0-4c19-9e92-ca62cd5f2ec0,47.0,0,1,0
a606b117-0953-4e41-82fa-953664391d3a,38.36,0,6,0
b273444e-58f2-4d22-929b-87bb31287ce1,20.96,1,6,1
38a40325-b8f2-4cd4-9035-785b71b12234,11.73,1,6,1
5b52a905-323c-421d-90d1-85810a4a5395,25.49,0,10,0
d71fa99b-92ae-47de-9818-adeda739a199,49.03,1,9,1
d1db395a-7807-4cd4-b34c-127bf2e10043,22.57,0,2,0
5c436232-2e0d-4dd4-9c9d-08cfb36e9615,43.93,0,4,0
5160cca8-ce0f-4303-898e-2cae9780c705,1.74,0,9,0
77d426b2-394f-41f6-9676-59b97c85107e,1.54,1,10,1
73557737-34ea-4fe7-9e4e-cbd5f7c0deee,41.34,1,9,1
27aa2e4e-9ab5-4203-82ee-aab0eb3bbdef,18.37,1,10,1
08533405-afab-48c8-8c6a-f28d717aa2ad,20.09,0,6,0
4ffdcbf7-9f37-432c-9759-db0604eb8c43,57.53,1,3,0
9cc8c5e1-5bf9-44a8-be16-3cfacba9ff86,27.53,0,10,0
5185f625-9523-4646-a28d-282751accdd1,23.4,1,10,1
d85fde7c-cb8a-4991-aca6-bd91a804ad70,45.12,1,9,1
10bde57b-36a4-4da9-b563-043c714e38a9,41.63,0,10,0
62ba5a86-a030-4043-a261-85df5b9eed53,45.66,0,9,0
fa684d30-0d83-48df-8f43-205aae038d80,21.19,1,2,0
7e008060-08cc-491b-97ba-0694465fb698,38.67,0,4,0
b1a333fe-1c51-4e45-b814-04aad5bea720,42.08,0,1,0
228585db-ae97-44dd-a0d5-93dccd92b8c6,26.78,1,1,0
07e4cb60-9266-4b5a-bc6f-c5aef93afde0,16.47,0,4,0
c55d3fe7-18d4-43c2-9975-ed0f80120609,14.49,0,8,0
7490affc-1411-4ab1-b4a9-8ab3cc281647,47.53,1,8,1
6e3c1d33-1394-4bef-8b95-64ba56104fce,58.92,1,3,0
5dd1dbd5-ceec-43c2-a78c-31c36cbdc093,15.07,1,2,0
0e2da877-ec99-40ee-89b2-4486fdba3857,48.18,0,6,0
c41590ae-b20a-4e35-977d-9e00ec1ac133,19.44,1,5,0
e094a0ec-3da7-4f61-97ec-3d40e7d9f906,31.28,0,8,0
22711509-b573-4759-bb7c-60ce967c4f95,30.72,1,7,1
268d37a5-f5aa-4476-9143-a91d103f7a06,47.05,0,2,0
359ab91d-8a34-42d8-b256-8ef0fd7f8754,12.23,0,10,0
d4a4181c-9f2f-404a-a559-d6f38e89b131,48.39,0,2,0
dc45f3fd-9c78-4ac5-a1d4-e602973e2761,19.27,0,5,0
2704d194-df4f-47a6-9128-aad128830130,19.92,0,2,0
c44c15eb-bbb5-4369-8fef-136c94bbca97,42.54,0,7,0
018fbefc-348e-4b06-bab9-203c7cdcf0a8,14.45,1,1,0
0c42f338-191d-42a6-aa02-971315951477,5.72,1,8,1
e4363641-4e36-42d3-968e-cfe79c2fe706,51.73,1,3,0
ae79fb92-16fa-461e-a62e-1998288c77bb,55.8,0,9,0
910c04af-d8e8-485a-a1f4-bc6857a57498,29.68,0,5,0
9ddf888c-1a2a-45e9-9b93-6f13dd9056aa,18.06,0,2,0
5cfdc60e-0bed-492b-89ea-900fd52e83ef,39.3,0,6,0
c35ee077-bd9b-4f1f-bdb6-c1df0abb9694,10.86,0,3,0
b360867f-5985-49b2-8d82-8f2f6eb2be67,17.86,1,1,0
305ce4c3-feec-4984-a38f-ae55df9739dc,42.89,0,10,0
87fbf0cf-0275-4bf4-8dd3-068039b02796,15.22,0,7,0
16b3b370-673a-4f80-ac93-bc3501bd7508,58.25,1,4,0
c737631f-167f-47e9-8787-a808085a34c9,33.09,0,7,0
ee111bb1-9e06-4cfc-9a86-4ea80964004f,26.95,1,9,1
4acaf58d-3cbc-4663-92cc-16d92987e999,37.94,0,5,0
b9d93729-382a-4d9c-8286-19f5f8bb5702,42.74,1,7,1
274c8876-4b22-44cc-be3c-4159367b28d5,55.5,0,8,0
dbfa4a8e-97e9-4f2d-8597-19cdac70d863,58.7,0,7,0
69e43015-e65b-428b-96ec-28d8a2113583,44.27,1,8,1
5b7ab8f5-a6f1-43b8-97ec-84085ebc38ac,33.94,1,4,0
1d9f249e-3989-4c4e-8b1c-40db4aa588c9,24.96,1,6,1
c0208c0b-b62d-424e-860e-b92ccd1f1f05,49.92,0,8,0
f25c05f0-c841-4a4d-b5fb-cc7f2bbe54a8,53.4,0,10,0
f5491789-80f6-4992-8791-0a28d90d49d6,27.14,1,4,0
b8aa0b35-2f21-4a13-8cb3-b2d413191186,32.0,1,9,1
ebcb0499-7c24-418c-91c9-e11b894533ba,38.04,0,2,0
b9c3853f-a132-42de-81db-1040e38aa6ee,34.51,0,4,0
8d11a0e4-97e6-4805-abe5-19448ca42378,40.35,1,3,0
a8c155fc-0e45-4008-bb39-7291b73911ab,51.54,0,5,0
612072e8-28a9-4948-8758-5e6c453fdfff,54.35,0,6,0
7af635c7-f2df-43af-964a-72a23f79fac9,46.92,0,4,0
e1f7872a-f837-4f32-ac38-2c910bec9fd7,40.45,1,5,0
ea552b62-cff9-45d0-9b3a-ee4d67722443,29.62,0,2,0
da5c0f5a-7784-478d-a14d-a1620fd557bd,36.18,1,5,0
e95c7ae8-1845-4939-83b5-a57f2f04472f,36.63,1,3,0
b3b2c3c7-436d-4512-9409-89ddea9c10c9,21.39,1,2,0
4bf2e061-fde4-4e12-8f88-469087021f8f,17.31,0,4,0
9736f8fb-ee50-4ceb-955b-63bd9ea6c834,45.95,0,6,0
a522bdee-b2a7-4d81-aec8-971486dcb70a,4.77,1,6,1
166b9526-198c-496a-9d99-406877ed5639,49.6,1,2,0
15fd70e1-f939-47f4-bef1-07476f516ded,45.03,0,5,0
8781ec7a-b20c-4693-b0e9-4dea7a7d98e2,51.0,1,4,0
79c17a26-57ac-4f84-8b65-562648ca0f5b,8.51,0,1,0
ab6243c5-5a4c-4d96-8b9f-e9c831f69adc,9.05,0,9,0
6af3fdce-a497-4601-b3ef-8f089fddb591,16.0,0,4,0
2c20f469-5425-40eb-a62c-0af07d65857a,5.71,0,8,0
59fde7e6-b86d-4293-bfb0-30b2a523c441,35.97,0,1,0
5732f92e-184c-4ede-97fa-64a82e5c4c44,12.98,1,3,0
28f4f88b-49b4-45b3-a666-092cb5af1067,44.94,0,4,0
e4615a89-42ae-44de-9193-53a8b310df7b,50.98,1,6,1
ca03594e-314e-4484-9db9-e07b63c9c3fb,49.0,1,3,0
49f1a21b-1eb5-49bb-9d0e-9367fbe6da46,53.08,1,3,0
b9d8b1a5-e32e-4062-8be5-fd5be6e84d40,6.08,1,3,0
46f3c6a6-db32-4dfe-9d0a-ea43ab345098,1.15,0,6,0
b0b0fa92-cb65-4ca9-b94a-6424fe7f9c6a,19.52,1,7,1
8c7a9211-c3da-4aea-b8de-e3cef96b4899,7.95,1,10,1
e6bfa769-3758-42fa-8eef-c2aedeae776b,18.07,0,2,0
1e249277-c3aa-4d90-ac45-95c265ed88c0,25.65,1,4,0
d55d0146-7f02-4826-8607-52717c5bf825,33.72,1,8,1
1216013d-e3be-408d-9e31-d1ce7f43265c,52.15,0,1,0
a2943ae9-8a50-4ed6-abe1-e306f693b055,28.66,0,4,0
7b0456cc-8b21-4469-9e8c-61ed926e4c78,37.64,1,3,0
d2d92a67-0d88-4f12-8baf-7b7b1048cd44,16.81,0,6,0
ef09ebd7-1b00-4b5f-97cc-57379a0a75a4,3.67,1,3,0
198a0677-baf0-4179-b629-d93e45567b81,59.22,1,5,0
7182c308-6e2f-4969-8298-b2167fb6517f,58.22,1,7,1
88a4c7e3-5289-4837-9a12-678afc777d77,7.58,1,7,1
01355533-ee49-4269-aa43-456e75e519aa,39.95,1,6,1
f978879a-bd09-48c9-a212-b24b08b67064,28.06,1,9,1
1aea943b-b0b8-4992-989b-8f50ca3eb152,22.15,0,3,0
7b79f00d-c896-4c28-853c-398313f3477a,50.01,1,10,1
db9ad2a0-7334-4a1e-8af6-773bd234221b,28.07,1,1,0
37e47ee3-3790-4bd3-8485-c938afb12bb4,7.03,0,8,0
4931310e-a0b1-49a5-ac5a-78c3635a8f65,7.88,1,8,1
adcd94b2-bbae-4cf7-88ec-3097be95e43b,21.88,0,10,0
d083e8be-4844-4a41-b003-b8a6a5946819,39.96,1,7,1
e756606a-ca46-449c-99f4-f347583a506e,59.17,1,10,1
7e54c61e-4074-4dd2-9a6e-12b9d6e0513c,5.97,1,4,0
983323fe-7702-4243-9a3e-113d263d7fda,37.6,0,5,0
ea5fa8a7-373b-440a-aef9-c65ba82c5336,33.44,0,7,0
dfde468c-5558-411c-98a9-16bae98872bc,54.1,1,6,1
42a844b9-24a5-4352-9f0f-0205ab5d045b,42.5,0,4,0
c342e399-65e0-486f-b6c6-381c5fd35e57,44.25,1,2,0
3912772f-d988-4522-abfe-55ecc64b1a1a,25.73,1,10,1
060e9378-f174-4b35-a33c-299b8abca120,2.09,0,10,0
64f4eacb-4ecd-47f3-81a4-fac6111ea729,23.84,0,10,0
e6fe5ca3-4863-4438-aad1-9228d896e1dd,52.73,0,2,0
a835bfd4-192c-4f68-ac07-c9bbeaa66804,39.83,0,4,0
a5fb135b-ef13-417a-8553-4fb332d4a303,17.06,0,5,0
eb6355a4-3bf9-4555-8a73-558b1f6927aa,48.06,0,9,0
3c8828d5-bafe-4928-9817-4e5d01ff12c7,38.82,1,4,0
d5bc1106-e94d-44e7-acc5-497f52cef45a,15.5,1,7,1
21e1ad85-7132-4887-b547-1964b328e0b3,28.57,0,9,0
f8256267-0b81-4068-80b6-bf545703145a,22.86,1,5,0
d5951c1f-ec33-4a82-81d9-57b3966baf9a,4.38,1,4,0
367e6672-e014-47ac-8790-be3740361157,27.55,0,2,0
2c870c90-42ca-471b-9b8d-c9c72980150d,21.06,0,2,0
f7b73371-3473-4cfc-b824-a4c47519305e,8.0,0,6,0
2743ae38-7a07-44a6-b068-696b54bfaf8e,28.67,1,9,1
bde9d107-b809-4caa-a07a-237253a068b7,38.24,1,8,1
28daaebb-5b1c-4212-9700-a128e5b1375c,12.2,1,7,1
86f35a58-6019-4de8-a6bf-1ada2d67254a,36.54,1,6,1
281bba0d-8c4f-461a-95bf-a43bf3fb6d41,22.07,1,2,0
c947be3c-9bc4-46b0-8ec4-11216a286653,46.57,1,10,1
1c4e1010-38f1-4899-aed5-3dc47a83d228,32.17,0,5,0
fe3aed06-d1b9-4b6a-b660-aa6d19275c4f,35.43,1,8,1
74dbe04c-9e21-40c9-a2a5-32aa654ae555,55.42,1,2,0
56c3c0c5-5470-43b5-acbf-0b1998c6ab86,58.28,0,6,0
79e5b14f-eee6-4b0e-b1ee-a75bdfe269f2,18.8,1,7,1
ec648ae4-5920-4d31-9458-119192465abf,43.04,0,6,0
d3a48dd4-1405-4c7c-8df5-cc60768352fb,32.24,1,4,0
f9004e84-87f9-42f4-b260-c0f34eeed9d2,47.8,0,5,0
aac3a16f-d92c-4bda-8dbd-8bef7ab4c6fe,33.47,1,6,1
3161bbff-0b94-4f3a-9dde-17ce97bdb612,27.47,0,10,0
508ffca6-0383-4edd-9ed4-5003423af610,57.64,0,4,0
9ac49acf-5df6-4f50-96d6-9e50c5384160,52.65,1,1,0
08248677-7fd2-41f4-aab1-cbcfeace8824,9.85,0,4,0
522eb763-5256-4811-98dd-f42e7176d9e6,55.48,1,3,0
64515f58-9f95-4dc1-aa4e-aee8bc0e6e2e,49.44,0,7,0
cde650ca-5505-425b-ae09-39f1234a6b86,26.35,1,4,0
03173474-1b49-4367-8db6-befdebab21a9,54.02,0,1,0
9e5a2047-9a4c-4449-a331-267d3af38cea,24.37,0,5,0
e2948b24-bda5-4ba9-ad6f-8270be62fdfb,52.79,1,4,0
4ef395d2-1213-4f29-8afc-779954cb9c40,54.5,1,8,1
2e4dc074-d953-4cbc-85ef-ecaa64409cf3,58.11,1,5,0
c7e7da16-011e-4edb-8dfd-475619667362,38.2,1,8,1
06e6b050-93cb-4342-bab8-9e1bdf6055c1,42.02,0,2,0
7836e9dd-cc5f-44ee-beb2-c7332c9c0cf9,31.6,1,6,1
c00b4ec3-aacd-46cd-9e53-6020032212ed,27.23,1,9,1
5a21c282-a217-4404-8e1c-2b2e86974130,55.8,1,9,1
78c9ba19-5584-496b-8db4-63f56a2db11c,41.26,0,7,0
82e40b3a-4b01-4105-b5a5-dd45c0d914bb,27.39,1,10,1
51a25255-302c-4075-8f4a-aa60734a1942,41.32,0,7,0
9141aa65-1ead-4e36-a93e-1c458b14abf4,12.69,0,8,0
5c6e4fb3-6d0e-4b74-8447-fda742369eba,16.48,0,8,0
296c63bc-6150-480c-a170-37dfb30cc6c3,57.27,1,6,1
36219656-ce92-4880-ab78-b6fdf42db2c4,52.57,0,10,0
f28ba069-198a-464c-89d9-db6afaf0ef69,36.19,1,4,0
c36ad4d7-00ba-43cd-85f1-a693bf1e573c,10.18,0,7,0
5750130d-6e6c-4299-a269-7c2ce530ed3f,58.19,1,2,0
2d7755cc-bfa9-49f5-93f2-01491a96cc02,32.62,1,7,1
66195de7-d2e2-474f-869d-b9eeaf94c2ab,48.47,1,9,1
230c6994-3af3-435b-9d75-a96f056852dc,32.16,1,2,0
e56b831b-733d-41f6-93e3-d50bcd813c70,28.88,0,3,0
e5851609-f789-432c-9323-6fa76f1f92db,26.16,1,9,1
f8b7a4c8-1809-4237-9079-fadc080895bc,54.97,1,9,1
6e555977-db6a-4158-b5a7-cb2699d5a7de,4.36,0,4,0
bb2e125a-60ca-47d0-a90e-514f16eeddcc,13.89,0,9,0
7744e42d-4063-4d1c-b316-f275045d7bc4,18.24,0,5,0
029e9e79-d1fe-4a08-8e87-4e619e60e5ac,52.84,0,1,0
cbb19160-d9b7-41c9-a54c-071c0233dd5a,59.25,1,10,1
913ee89c-3433-47c2-829b-690b614b0fe5,35.16,1,5,0
4c71f1ef-743b-4d39-942b-c92388270348,12.91,0,4,0
3c4936cb-1ca4-4bee-b680-a024f19f7cf1,27.34,0,8,0
ceebe7ce-b81a-49f0-8461-3d829e613b91,42.56,0,3,0
10994a76-8751-4840-8fd6-1e10e8ed3f88,32.22,1,8,1
ca37f0b4-d876-47a6-9160-59eb4a589233,19.87,1,9,1
cb4e08cf-59dc-47a7-8892-64c1a7587a7e,2.84,0,4,0
4c931857-e3fc-40f4-b3d7-d434afd4a1eb,7.66,0,7,0
0e6966f2-8489-4d66-b7ba-b137bfe3672c,5.03,0,2,0
4bb54a4b-af67-4b8b-aa92-d5d5a5036c9a,1.92,1,3,0
12bef9b2-7167-4067-b9b3-7cf1f07c061c,48.12,0,8,0
e1fb02e4-f560-4b08-8ac6-69148428da85,14.36,0,10,0
5e579807-46fc-4c95-afff-bd8b3cb07ef6,39.62,0,4,0
31b7f93b-0430-48ea-be63-5751228d4f72,11.32,0,1,0
fae028eb-4f53-48c1-91fd-72172f63a36a,19.16,1,10,1
fb8b6783-8b3d-47ea-8b8f-79277a0cc5fe,14.58,1,2,0
33b11d63-77f7-4fe7-b069-27c06f979679,54.54,1,6,1
53d41d64-69e0-421c-b384-3e199abeab39,22.49,1,8,1
dd6dfc13-2b49-491e-a5a8-4405337c981b,19.29,1,6,1
b863e059-7be9-4702-805e-fd273067c85c,37.66,0,8,0
2ddd993c-0cab-4789-85ec-5e440987c934,6.11,0,9,0
5f93a10c-52f4-4418-a4f6-43128dafba65,49.77,1,6,1
c32d1a33-e047-4e57-bd41-01fb5fc84ac5,59.32,0,1,0
f90a082e-b1d7-43ab-b743-d4d3d16e7d7a,5.05,1,7,1
70a57f04-2f89-4732-8bd6-64d3b06b6111,40.31,1,3,0
717954f5-3585-436e-80c0-df3c1d9a191b,19.31,0,5,0
73e7804c-ac75-416d-84eb-87642fed26b5,52.9,0,9,0
0244fd31-2bb0-4d07-88dc-accabd649928,10.53,1,5,0
35475e83-dc56-4539-983d-a7d81e9c6a6a,22.64,0,1,0
b215ac1a-01e4-4411-b8cf-59b32bae1678,27.73,1,5,0
9697cbd1-37ed-44a0-83dd-11544e2b4caf,57.28,0,9,0
28b98916-556a-4f9b-9241-fbc5014a2ca9,55.79,0,1,0
f01b9caa-88e9-4f4a-8938-e349b3f0bd9e,58.61,1,3,0
673bc0b3-e0ea-4445-8bfe-15c3d7697eaa,23.97,1,9,1
774ee20d-ffb1-4c7d-92d9-11f9170ec463,1.01,1,1,0
d8f89a3f-5294-4992-acd6-5c383d3a9d36,25.18,0,3,0
df874863-465a-4a9f-b1dd-906bc0c53ea6,3.61,0,5,0
842f4bf6-663c-427e-8323-1cd3897d53bb,24.26,1,10,1
13f5923b-19af-4df0-b65a-c8973d45e372,44.5,0,10,0
cca464e0-c905-44a2-b1b5-3a64212f4d41,20.61,0,5,0
b65ee970-fb5d-492a-9e27-a853e09bd276,34.93,1,7,1
2e766395-6b9f-4a47-b1e2-e455d4e04482,1.44,1,1,0
87046343-b1d2-41f8-9cd7-b26e64baf3f1,31.94,1,3,0
841559d6-ce54-49c4-ae71-b326a7796258,26.98,1,7,1
dd94744a-09c2-4323-a766-3dfe5e644a71,57.86,0,3,0
b99d1abe-67c3-4066-be9e-f6f85377c0d6,23.49,1,1,0
0bf4480e-48f9-4ee2-9e16-8ddbb3a2ddb5,1.59,1,8,1
a684ec7e-a633-4f0f-a877-c51d2fcdd14c,24.46,1,1,0
6791130e-62a5-4d79-8149-343e0b5108b1,52.49,0,6,0
bb489756-8a79-42af-a952-acb6534fbd50,7.95,0,3,0
263b08f4-06bf-4937-927c-6d699cf6d466,39.75,0,1,0
4d10308f-50c2-4710-bd92-b85c157174f8,46.67,1,4,0
1f2dd573-860e-4d90-9a67-cc3d0e106da9,49.54,0,10,0
3288426e-7411-454e-86fa-357a6707829e,38.52,1,9,1
f131a6f5-c5d7-4848-880e-153404e1e827,24.92,0,8,0
99825160-8774-4b64-8d9e-1cbb02e93ef9,41.73,1,6,1
0753109e-7b30-4cb3-a81d-226168626745,55.91,1,9,1
c9ba1b45-6694-4e5f-aeb1-283fa7b41a58,45.17,1,4,0
97ba3c8b-7463-45af-96eb-99dd4f04c128,31.68,1,2,0
4cbb71cf-d9cb-4c3d-a910-5dbbc7f28cc3,11.08,1,6,1
7685dd3b-b12f-4178-9f68-7822e3901ec2,11.1,1,8,1
a675f86c-3b15-4e76-a4de-9e35610cb06c,15.74,1,10,1
b799e117-c5e7-4176-bdea-71b54f04b5db,52.68,1,4,0
c0519285-3ef4-4be9-ba0b-e06878a2507c,46.13,0,3,0
c7bb36cb-4fbb-4308-a87e-3beceabf29cf,4.93,1,2,0
fcc6565a-5522-4806-8efb-915b0692c94b,24.39,0,3,0
55271e61-6734-442d-b0f7-877f998dc3b5,53.79,0,3,0
7bf48561-30f4-4a08-803a-5b419acabce7,49.99,1,5,0
f2239871-7acd-4c2a-ae28-939c900967c5,58.96,0,5,0
dfb073f4-ec90-44b5-b0a7-cfa1e079b479,21.5,1,1,0
6517dd0b-8b53-457f-8e70-bec211a4ecb1,44.04,1,7,1
310594dc-a465-4866-8f8f-26b5e92d3d24,36.94,0,6,0
43db4147-814c-4e0d-8467-c401d0de40c5,38.99,0,7,0
432c89f3-5489-4c06-800b-591d0534b379,52.71,0,5,0
ce6c671c-a0b6-4df5-b236-f67e66b14726,4.82,1,4,0
369f3260-b587-4580-9c81-caaad0055c08,53.0,0,6,0
d1536b2d-8757-4c37-8b27-c4987ac4b8c2,49.53,0,9,0
e25973c8-24ec-4334-a5a9-265bd4889a51,13.41,1,10,1
67cdc48b-1f4b-401b-bba4-fec890f1cff0,38.3,1,3,0
7bb92a71-71c9-492a-b315-a68dd50e13be,42.39,0,8,0
80e65602-118c-49c0-89db-c5804d0cecda,31.96,1,3,0
aec3268f-f4f9-4f0c-961b-8b10f1cf9101,53.63,0,8,0
15617335-b909-4aec-aae4-9b91aca803fe,34.84,0,10,0
5075f3b2-bd9d-48e2-8891-da1c289f2669,19.99,1,10,1
a63755af-9c58-4ae7-85be-3b660cb33a63,10.64,1,9,1
4bac6d77-7e64-4836-9705-900134caf5e4,57.08,1,9,1
1238b7ba-7f92-44fb-98c8-d3a77a265f23,31.24,1,1,0
b64221e6-9c96-40b5-b948-fa42a088a75e,51.39,1,6,1
80e7b15c-c4f2-4671-89b6-f10cfde7762c,34.11,0,5,0
fb0f7d84-abd0-4fe5-b2e4-273431a3a8c5,46.01,0,5,0
ef5e38c2-a604-4487-b00b-8f14dee8a958,11.49,0,5,0
c8d0805a-d23b-4997-b5bf-68a73d391606,11.27,0,3,0
8b67c35c-70ee-4e96-a268-89fc048e4eba,32.72,0,5,0
ae520301-6c76-4584-b31c-2711288f188c,45.28,1,5,0
f90e773c-9109-4401-81b2-fe8804dfcb67,59.99,1,1,0
e64fc1e4-3bdc-460a-81ba-90b7fd50a730,47.66,1,3,0
e72989e6-d8fd-4ecb-9b13-2734ff115423,3.07,0,5,0
32024c3e-393c-405f-9824-6b5171113cc4,32.04,1,3,0
782531d6-f1a0-469e-8fd8-ff5b300fdfd2,55.78,1,3,0
6da604c2-321f-4371-949d-3ca5b49daf97,40.22,1,1,0
26b722b3-2e99-4fc3-b3e3-8c74aa685c40,5.38,1,9,1
3b6add14-ba7b-4229-a9a8-fde4c60c567f,15.9,1,4,0
bde8de7e-d1f1-42eb-8f7a-62b801106874,53.5,0,7,0
9652f4c4-ffcd-4ef4-bf09-1fcd4a26ee2f,17.19,1,1,0
461045b0-42c8-425a-83a0-3276c8c98184,21.87,0,7,0
e1b5f76e-06e2-4d1d-942e-8ff1094ea102,31.4,0,9,0
ee69f897-b705-45fe-bfbb-b9e1070f9e92,30.83,0,8,0
dcccb9f2-4151-4ca2-b620-97d4df06e39d,1.62,1,5,0
b7db859f-4c9f-4ad3-8410-b244f3cca683,5.08,1,6,1
c3d8d263-64d2-40cd-b2f0-2ff416116858,54.33,1,7,1
013863db-b282-4e61-8b51-4155ad58fc61,40.46,1,7,1
ae451ec9-ebaa-426e-8a78-850a170e8f35,18.64,1,4,0
8149728a-9c46-47eb-92f3-b858f20486c6,5.58,1,5,0
a34c2df1-03c6-4ba0-bb31-846126480464,42.41,1,1,0
8a8b2326-a712-4018-be0a-81847063d941,26.91,1,2,0
57b820ec-955f-4dec-856e-781205a9ea8a,18.33,0,8,0
02a47e66-088d-4ce9-8df8-b57de2d5ecf6,3.99,1,9,1
56d72924-8d2b-43ff-9308-4e3069a489d1,10.63,0,3,0
9d4b02ce-2c1b-4dad-a137-1698360a43d5,37.94,0,10,0
85675e9a-6bd2-464e-9e81-d5f163ed086f,43.68,0,2,0
aa82b002-1e54-46bb-a313-6c8f1de3cd20,14.41,1,1,0
b0621fa3-8fcc-4b69-a5f8-ce9857d9613d,24.31,1,4,0
49946b2c-1fde-4221-800d-e746eab95d07,54.37,1,3,0
916d0fed-9089-4865-9c4a-63a97f2cca74,31.07,0,10,0
c8068ca7-5a64-4555-a622-a0b02df52082,23.25,0,3,0
